Commune,Département (numéro),Département (nom),Région
Aast,64,Pyrénées-Atlantiques,Nouvelle-Aquitaine
Abainville,55,Meuse,Grand Est
Abancourt,59,Nord,Hauts-de-France
Abancourt,60,Oise,Hauts-de-France
Abaucourt,54,Meurthe-et-Moselle,Grand Est
Accolay,89,Yonne,Bourgogne-Franche-Comte
Accons,07,Ardèche,Auvergne-Rhone-Alpes
Accous,64,Pyrénées-Atlantiques,Nouvelle-Aquitaine
Achain,57,Moselle,Grand Est
Les Achards,85,Vendée,Pays de la Loire
Achen,57,Moselle,Grand Est
Achenheim,67,Bas-Rhin,Grand Est
Achères,18,Cher,Centre-Val de Loire
Achères,78,Yvelines,ile-de-France
Achères-la-Forêt,77,Seine-et-Marne,ile-de-France
Achery,02,Aisne,Hauts-de-France
Acheux-en-Amiénois,80,Somme,Hauts-de-France
Acheux-en-Vimeu,80,Somme,Hauts-de-France
Acheville,62,Pas-de-Calais,Hauts-de-France
Achey,70,Haute-Saône,Bourgogne-Franche-Comte
Achicourt,62,Pas-de-Calais,Hauts-de-France
Agde,34,Hérault,Occitanie
Agel,34,Hérault,Occitanie
Agen,47,Lot-et-Garonne,Nouvelle-Aquitaine
Agen-d'Aveyron,12,Aveyron,Occitanie
Agencourt,21,Côte-d'Or,Bourgogne-Franche-Comte
Agenville,80,Somme,Hauts-de-France
Agenvillers,80,Somme,Hauts-de-France
Les Ageux,60,Oise,Hauts-de-France
Ageville,52,Haute-Marne,Grand Est
Agey,21,Côte-d'Or,Bourgogne-Franche-Comte
Aghione,2B,Haute-Corse,Corse
Agincourt,54,Meurthe-et-Moselle,Grand Est
Agmé,47,Lot-et-Garonne,Nouvelle-Aquitaine
Agnac,47,Lot-et-Garonne,Nouvelle-Aquitaine
Agnat,43,Haute-Loire,Auvergne-Rhone-Alpes
Agneaux,50,Manche,Normandie
Agnetz,60,Oise,Hauts-de-France
Agnez-lès-Duisans,62,Pas-de-Calais,Hauts-de-France
Agnicourt-et-Séchelles,02,Aisne,Hauts-de-France
Agnières,62,Pas-de-Calais,Hauts-de-France
Agnin,38,Isère,Auvergne-Rhone-Alpes
Agnos,64,Pyrénées-Atlantiques,Nouvelle-Aquitaine
Agny,62,Pas-de-Calais,Hauts-de-France
Agon-Coutainville,50,Manche,Normandie
Agonac,24,Dordogne,Nouvelle-Aquitaine
Agonès,34,Hérault,Occitanie
Agonges,03,Allier,Auvergne-Rhone-Alpes
Agos-Vidalos,65,Hautes-Pyrénées,Occitanie
Agris,16,Charente,Nouvelle-Aquitaine
Agudelle,17,Charente-Maritime,Nouvelle-Aquitaine
Aguessac,12,Aveyron,Occitanie
Aguilcourt,02,Aisne,Hauts-de-France
Aguts,81,Tarn,Occitanie
Agy,14,Calvados,Normandie
Ahaxe-Alciette-Bascassan,64,Pyrénées-Atlantiques,Nouvelle-Aquitaine
Ahetze,64,Pyrénées-Atlantiques,Nouvelle-Aquitaine
Ahéville,88,Vosges,Grand Est
Ailly-sur-Noye,80,Somme,Hauts-de-France
Ailly-sur-Somme,80,Somme,Hauts-de-France
Aimargues,30,Gard,Occitanie
Aime-la-Plagne,73,Savoie,Auvergne-Rhone-Alpes
Ainay-le-Château,03,Allier,Auvergne-Rhone-Alpes
Ainay-le-Vieil,18,Cher,Centre-Val de Loire
Aincille,64,Pyrénées-Atlantiques,Nouvelle-Aquitaine
Aincourt,95,Val-d'Oise,ile-de-France
Aincreville,55,Meuse,Grand Est
Aingeray,54,Meurthe-et-Moselle,Grand Est
Aingeville,88,Vosges,Grand Est
Aingoulaincourt,52,Haute-Marne,Grand Est
Ainharp,64,Pyrénées-Atlantiques,Nouvelle-Aquitaine
Aizecourt-le-Bas,80,Somme,Hauts-de-France
Aizecourt-le-Haut,80,Somme,Hauts-de-France
Aizelles,02,Aisne,Hauts-de-France
Aizenay,85,Vendée,Pays de la Loire
Aizier,27,Eure,Normandie
Aizy-Jouy,02,Aisne,Hauts-de-France
Ajac,11,Aude,Occitanie
Ajaccio,2A,Corse-du-Sud,Corse
Ajain,23,Creuse,Nouvelle-Aquitaine
Ajat,24,Dordogne,Nouvelle-Aquitaine
Ajoncourt,57,Moselle,Grand Est
L'Ajoupa-Bouillon,972,Martinique,Martinique
Ajoux,07,Ardèche,Auvergne-Rhone-Alpes
Alaigne,11,Aude,Occitanie
Alaincourt,02,Aisne,Hauts-de-France
Alaincourt,70,Haute-Saône,Bourgogne-Franche-Comte
Alaincourt-la-Côte,57,Moselle,Grand Est
Alairac,11,Aude,Occitanie
Alan,31,Haute-Garonne,Occitanie
Alando,2B,Haute-Corse,Corse
Alata,2A,Corse-du-Sud,Corse
Allamont,54,Meurthe-et-Moselle,Grand Est
Allamps,54,Meurthe-et-Moselle,Grand Est
Allan,26,Drôme,Auvergne-Rhone-Alpes
Allanche,15,Cantal,Auvergne-Rhone-Alpes
Alland'Huy-et-Sausseuil,08,Ardennes,Grand Est
Allarmont,88,Vosges,Grand Est
Allas-Bocage,17,Charente-Maritime,Nouvelle-Aquitaine
Allas-Champagne,17,Charente-Maritime,Nouvelle-Aquitaine
Allas-les-Mines,24,Dordogne,Nouvelle-Aquitaine
Allassac,19,Corrèze,Nouvelle-Aquitaine
Allauch,13,Bouches-du-Rhone,Provence-Alpes-Cote d'Azur
Allègre,43,Haute-Loire,Auvergne-Rhone-Alpes
Allègre-les-Fumades,30,Gard,Occitanie
Alleins,13,Bouches-du-Rhone,Provence-Alpes-Cote d'Azur
Allemagne-en-Provence,04,Alpes-de-Haute-Provence,Provence-Alpes-Cote d'Azur
Allemanche-Launay-et-Soyer,51,Marne,Grand Est
Allemans,24,Dordogne,Nouvelle-Aquitaine
Allemans-du-Dropt,47,Lot-et-Garonne,Nouvelle-Aquitaine
Allemant,02,Aisne,Hauts-de-France
Allemant,51,Marne,Grand Est
Allemond,38,Isère,Auvergne-Rhone-Alpes
Allenay,80,Somme,Hauts-de-France
Allenc,48,Lozère,Occitanie
Allenjoie,25,Doubs,Bourgogne-Franche-Comte
Allennes-les-Marais,59,Nord,Hauts-de-France
Allerey,21,Côte-d'Or,Bourgogne-Franche-Comte
Allerey-sur-Saône,71,Saône-et-Loire,Bourgogne-Franche-Comte
Allériot,71,Saône-et-Loire,Bourgogne-Franche-Comte
Allery,80,Somme,Hauts-de-France
Alles-sur-Dordogne,24,Dordogne,Nouvelle-Aquitaine
Les Alleuds,49,Maine-et-Loire,Pays de la Loire
Les Alleuds,79,Deux-Sèvres,Nouvelle-Aquitaine
Alleuze,15,Cantal,Auvergne-Rhone-Alpes
Allevard,38,Isère,Auvergne-Rhone-Alpes
Allèves,74,Haute-Savoie,Auvergne-Rhone-Alpes
Allex,26,Drôme,Auvergne-Rhone-Alpes
Alleyrac,43,Haute-Loire,Auvergne-Rhone-Alpes
Alleyras,43,Haute-Loire,Auvergne-Rhone-Alpes
Alzing,57,Moselle,Grand Est
Alzon,30,Gard,Occitanie
Alzonne,11,Aude,Occitanie
Amage,70,Haute-Saône,Bourgogne-Franche-Comte
Amagne,08,Ardennes,Grand Est
Amagney,25,Doubs,Bourgogne-Franche-Comte
Amailloux,79,Deux-Sèvres,Nouvelle-Aquitaine
Amance,10,Aube,Grand Est
Amance,54,Meurthe-et-Moselle,Grand Est
Amance,70,Haute-Saône,Bourgogne-Franche-Comte
Amancey,25,Doubs,Bourgogne-Franche-Comte
Amancy,74,Haute-Savoie,Auvergne-Rhone-Alpes
Amange,39,Jura,Bourgogne-Franche-Comte
Amanlis,35,Ille-et-Vilaine,Bretagne
Amanty,55,Meuse,Grand Est
Amanvillers,57,Moselle,Grand Est
Amanzé,71,Saône-et-Loire,Bourgogne-Franche-Comte
Amarens,81,Tarn,Occitanie
Amathay-Vésigneux,25,Doubs,Bourgogne-Franche-Comte
Amayé-sur-Orne,14,Calvados,Normandie
Amayé-sur-Seulles,14,Calvados,Normandie
Amazy,58,Nièvre,Bourgogne-Franche-Comte
Ambacourt,88,Vosges,Grand Est
Ambarès-et-Lagrave,33,Gironde,Nouvelle-Aquitaine
Ambax,31,Haute-Garonne,Occitanie
Ambazac,87,Haute-Vienne,Nouvelle-Aquitaine
Ambel,38,Isère,Auvergne-Rhone-Alpes
Ambenay,27,Eure,Normandie
Ambérac,16,Charente,Nouvelle-Aquitaine
Ambérieu-en-Bugey,01,Ain,Auvergne-Rhone-Alpes
Ambérieux,69,Rhone,Auvergne-Rhone-Alpes
Ambérieux-en-Dombes,01,Ain,Auvergne-Rhone-Alpes
Ambernac,16,Charente,Nouvelle-Aquitaine
Amberre,86,Vienne,Nouvelle-Aquitaine
Ambert,63,Puy-de-Dôme,Auvergne-Rhone-Alpes
Ambès,33,Gironde,Nouvelle-Aquitaine
Ambeyrac,12,Aveyron,Occitanie
Amné,72,Sarthe,Pays de la Loire
Amnéville,57,Moselle,Grand Est
Amoncourt,70,Haute-Saône,Bourgogne-Franche-Comte
Amondans,25,Doubs,Bourgogne-Franche-Comte
Amont-et-Effreney,70,Haute-Saône,Bourgogne-Franche-Comte
Amorots-Succos,64,Pyrénées-Atlantiques,Nouvelle-Aquitaine
Amou,40,Landes,Nouvelle-Aquitaine
Ampilly-le-Sec,21,Côte-d'Or,Bourgogne-Franche-Comte
Ampilly-les-Bordes,21,Côte-d'Or,Bourgogne-Franche-Comte
Amplepuis,69,Rhone,Auvergne-Rhone-Alpes
Amplier,62,Pas-de-Calais,Hauts-de-France
Ampoigné,53,Mayenne,Pays de la Loire
Amponville,77,Seine-et-Marne,ile-de-France
Ampriani,2B,Haute-Corse,Corse
Ampuis,69,Rhone,Auvergne-Rhone-Alpes
Ampus,83,Var,Provence-Alpes-Cote d'Azur
Amuré,79,Deux-Sèvres,Nouvelle-Aquitaine
Amy,60,Oise,Hauts-de-France
Anais,16,Charente,Nouvelle-Aquitaine
Anais,17,Charente-Maritime,Nouvelle-Aquitaine
Angecourt,08,Ardennes,Grand Est
Angeduc,16,Charente,Nouvelle-Aquitaine
Angely,89,Yonne,Bourgogne-Franche-Comte
Angeot,90,Territoire de Belfort,Bourgogne-Franche-Comte
Angers,49,Maine-et-Loire,Pays de la Loire
Angerville,14,Calvados,Normandie
Angerville,91,Essonne,ile-de-France
Angerville-Bailleul,76,Seine-Maritime,Normandie
Angerville-l'Orcher,76,Seine-Maritime,Normandie
Angerville-la-Campagne,27,Eure,Normandie
Angerville-la-Martel,76,Seine-Maritime,Normandie
Angervilliers,91,Essonne,ile-de-France
Angeville,82,Tarn-et-Garonne,Occitanie
Angevillers,57,Moselle,Grand Est
Angicourt,60,Oise,Hauts-de-France
Angiens,76,Seine-Maritime,Normandie
Angoustrine-Villeneuve-des-Escaldes,66,Pyrénées-Orientales,Occitanie
Angoville,14,Calvados,Normandie
Angres,62,Pas-de-Calais,Hauts-de-France
Angresse,40,Landes,Nouvelle-Aquitaine
Angrie,49,Maine-et-Loire,Pays de la Loire
Anguilcourt-le-Sart,02,Aisne,Hauts-de-France
Angy,60,Oise,Hauts-de-France
Anhaux,64,Pyrénées-Atlantiques,Nouvelle-Aquitaine
Anhiers,59,Nord,Hauts-de-France
Aniane,34,Hérault,Occitanie
Aniche,59,Nord,Hauts-de-France
Anisy,14,Calvados,Normandie
Anizy-le-Château,02,Aisne,Hauts-de-France
Anjeux,70,Haute-Saône,Bourgogne-Franche-Comte
Anjou,38,Isère,Auvergne-Rhone-Alpes
Anjouin,36,Indre,Centre-Val de Loire
Annot,04,Alpes-de-Haute-Provence,Provence-Alpes-Cote d'Azur
Annouville-Vilmesnil,76,Seine-Maritime,Normandie
Annoux,89,Yonne,Bourgogne-Franche-Comte
Annoville,50,Manche,Normandie
Anor,59,Nord,Hauts-de-France
Anos,64,Pyrénées-Atlantiques,Nouvelle-Aquitaine
Anost,71,Saône-et-Loire,Bourgogne-Franche-Comte
Anould,88,Vosges,Grand Est
Anoux,54,Meurthe-et-Moselle,Grand Est
Anoye,64,Pyrénées-Atlantiques,Nouvelle-Aquitaine
Anquetierville,76,Seine-Maritime,Normandie
Anrosey,52,Haute-Marne,Grand Est
Ansac-sur-Vienne,16,Charente,Nouvelle-Aquitaine
Ansacq,60,Oise,Hauts-de-France
Ansan,32,Gers,Occitanie
Ansauville,54,Meurthe-et-Moselle,Grand Est
Ansauvillers,60,Oise,Hauts-de-France
Anse,69,Rhone,Auvergne-Rhone-Alpes
Anse-Bertrand,971,Guadeloupe,Guadeloupe
Les Anses-d'Arlet,972,Martinique,Martinique
Aouze,88,Vosges,Grand Est
Apach,57,Moselle,Grand Est
Apatou,973,Guyane,Guyane
Apchat,63,Puy-de-Dôme,Auvergne-Rhone-Alpes
Apchon,15,Cantal,Auvergne-Rhone-Alpes
Apinac,42,Loire,Auvergne-Rhone-Alpes
Appelle,81,Tarn,Occitanie
Appenai-sous-Bellême,61,Orne,Normandie
Appenans,25,Doubs,Bourgogne-Franche-Comte
Appenwihr,68,Haut-Rhin,Grand Est
Appeville,50,Manche,Normandie
Appeville-Annebault,27,Eure,Normandie
Appietto,2A,Corse-du-Sud,Corse
Appilly,60,Oise,Hauts-de-France
Appoigny,89,Yonne,Bourgogne-Franche-Comte
Apprieu,38,Isère,Auvergne-Rhone-Alpes
Appy,09,Ariège,Occitanie
Apremont,01,Ain,Auvergne-Rhone-Alpes
Apremont,08,Ardennes,Grand Est
Apremont,60,Oise,Hauts-de-France
Apremont,70,Haute-Saône,Bourgogne-Franche-Comte
Apremont,73,Savoie,Auvergne-Rhone-Alpes
Apremont,85,Vendée,Pays de la Loire
Apremont-la-Forêt,55,Meuse,Grand Est
Apremont-sur-Allier,18,Cher,Centre-Val de Loire
Aprey,52,Haute-Marne,Grand Est
Apt,84,Vaucluse,Provence-Alpes-Cote d'Azur
Arabaux,09,Ariège,Occitanie
Arâches-la-Frasse,74,Haute-Savoie,Auvergne-Rhone-Alpes
Aragnouet,65,Hautes-Pyrénées,Occitanie
Aragon,11,Aude,Occitanie
Aramits,64,Pyrénées-Atlantiques,Nouvelle-Aquitaine
Aramon,30,Gard,Occitanie
Aranc,01,Ain,Auvergne-Rhone-Alpes
Arancou,64,Pyrénées-Atlantiques,Nouvelle-Aquitaine
Arandas,01,Ain,Auvergne-Rhone-Alpes
Arandon,38,Isère,Auvergne-Rhone-Alpes
Arandon-Passins,38,Isère,Auvergne-Rhone-Alpes
Araujuzon,64,Pyrénées-Atlantiques,Nouvelle-Aquitaine
Araules,43,Haute-Loire,Auvergne-Rhone-Alpes
Araux,64,Pyrénées-Atlantiques,Nouvelle-Aquitaine
Arbanats,33,Gironde,Nouvelle-Aquitaine
Arbas,31,Haute-Garonne,Occitanie
Arbecey,70,Haute-Saône,Bourgogne-Franche-Comte
Arbellara,2A,Corse-du-Sud,Corse
Arbent,01,Ain,Auvergne-Rhone-Alpes
Arbéost,65,Hautes-Pyrénées,Occitanie
Arbérats-Sillègue,64,Pyrénées-Atlantiques,Nouvelle-Aquitaine
Arbigny,01,Ain,Auvergne-Rhone-Alpes
Arbigny-sous-Varennes,52,Haute-Marne,Grand Est
Arbin,73,Savoie,Auvergne-Rhone-Alpes
Arbis,33,Gironde,Nouvelle-Aquitaine
Arblade-le-Bas,32,Gers,Occitanie
Arblade-le-Haut,32,Gers,Occitanie
Arbois,39,Jura,Bourgogne-Franche-Comte
Arcomps,18,Cher,Centre-Val de Loire
Arcon,42,Loire,Auvergne-Rhone-Alpes
Arçon,25,Doubs,Bourgogne-Franche-Comte
Arconcey,21,Côte-d'Or,Bourgogne-Franche-Comte
Arçonnay,72,Sarthe,Pays de la Loire
Arconsat,63,Puy-de-Dôme,Auvergne-Rhone-Alpes
Arconville,10,Aube,Grand Est
Les Arcs,83,Var,Provence-Alpes-Cote d'Azur
Arcueil,94,Val-de-Marne,ile-de-France
Arcy-Sainte-Restitue,02,Aisne,Hauts-de-France
Arcy-sur-Cure,89,Yonne,Bourgogne-Franche-Comte
Ardelles,28,Eure-et-Loir,Centre-Val de Loire
Ardelu,28,Eure-et-Loir,Centre-Val de Loire
Ardenais,18,Cher,Centre-Val de Loire
Ardenay-sur-Mérize,72,Sarthe,Pays de la Loire
Ardengost,65,Hautes-Pyrénées,Occitanie
Ardentes,36,Indre,Centre-Val de Loire
Ardes,63,Puy-de-Dôme,Auvergne-Rhone-Alpes
Ardeuil-et-Montfauxelles,08,Ardennes,Grand Est
Ardiège,31,Haute-Garonne,Occitanie
Les Ardillats,69,Rhone,Auvergne-Rhone-Alpes
Ardilleux,79,Deux-Sèvres,Nouvelle-Aquitaine
Ardillières,17,Charente-Maritime,Nouvelle-Aquitaine
Ardin,79,Deux-Sèvres,Nouvelle-Aquitaine
Ardizas,32,Gers,Occitanie
Ardoix,07,Ardèche,Auvergne-Rhone-Alpes
Ardon,39,Jura,Bourgogne-Franche-Comte
Ardon,45,Loiret,Centre-Val de Loire
Ardouval,76,Seine-Maritime,Normandie
Ardres,62,Pas-de-Calais,Hauts-de-France
Aregno,2B,Haute-Corse,Corse
Areines,41,Loir-et-Cher,Centre-Val de Loire
Arelaune-en-Seine,76,Seine-Maritime,Normandie
Aren,64,Pyrénées-Atlantiques,Nouvelle-Aquitaine
Arengosse,40,Landes,Nouvelle-Aquitaine
Arenthon,74,Haute-Savoie,Auvergne-Rhone-Alpes
Arès,33,Gironde,Nouvelle-Aquitaine
Aresches,39,Jura,Bourgogne-Franche-Comte
Aressy,64,Pyrénées-Atlantiques,Nouvelle-Aquitaine
Arette,64,Pyrénées-Atlantiques,Nouvelle-Aquitaine
Arfeuille-Châtain,23,Creuse,Nouvelle-Aquitaine
Arfeuilles,03,Allier,Auvergne-Rhone-Alpes
Arfons,81,Tarn,Occitanie
Argagnon,64,Pyrénées-Atlantiques,Nouvelle-Aquitaine
Arganchy,14,Calvados,Normandie
Argançon,10,Aube,Grand Est
Argancy,57,Moselle,Grand Est
Argein,09,Ariège,Occitanie
Arlos,31,Haute-Garonne,Occitanie
Armaillé,49,Maine-et-Loire,Pays de la Loire
Armancourt,60,Oise,Hauts-de-France
Armancourt,80,Somme,Hauts-de-France
Armaucourt,54,Meurthe-et-Moselle,Grand Est
Armbouts-Cappel,59,Nord,Hauts-de-France
Armeau,89,Yonne,Bourgogne-Franche-Comte
Armendarits,64,Pyrénées-Atlantiques,Nouvelle-Aquitaine
Armentières,59,Nord,Hauts-de-France
Armentières-en-Brie,77,Seine-et-Marne,ile-de-France
Armentières-sur-Avre,27,Eure,Normandie
Armentières-sur-Ourcq,02,Aisne,Hauts-de-France
Armentieux,32,Gers,Occitanie
Armes,58,Nièvre,Bourgogne-Franche-Comte
Armillac,47,Lot-et-Garonne,Nouvelle-Aquitaine
Armissan,11,Aude,Occitanie
Armix,01,Ain,Auvergne-Rhone-Alpes
Armous-et-Cau,32,Gers,Occitanie
Armoy,74,Haute-Savoie,Auvergne-Rhone-Alpes
Arnac,15,Cantal,Auvergne-Rhone-Alpes
Arnac-la-Poste,87,Haute-Vienne,Nouvelle-Aquitaine
Arnac-Pompadour,19,Corrèze,Nouvelle-Aquitaine
Arnac-sur-Dourdou,12,Aveyron,Occitanie
Arnage,72,Sarthe,Pays de la Loire
Arnancourt,52,Haute-Marne,Grand Est
Arnas,69,Rhone,Auvergne-Rhone-Alpes
Arrènes,23,Creuse,Nouvelle-Aquitaine
Arrens-Marsous,65,Hautes-Pyrénées,Occitanie
Arrentès-de-Corcieux,88,Vosges,Grand Est
Arrentières,10,Aube,Grand Est
Arrest,80,Somme,Hauts-de-France
Arreux,08,Ardennes,Grand Est
Arriance,57,Moselle,Grand Est
Arricau-Bordes,64,Pyrénées-Atlantiques,Nouvelle-Aquitaine
Arrien,64,Pyrénées-Atlantiques,Nouvelle-Aquitaine
Arrien-en-Bethmale,09,Ariège,Occitanie
Arrigas,30,Gard,Occitanie
Arrigny,51,Marne,Grand Est
Arro,2A,Corse-du-Sud,Corse
Arrodets,65,Hautes-Pyrénées,Occitanie
Arrodets-ez-Angles,65,Hautes-Pyrénées,Occitanie
Arromanches-les-Bains,14,Calvados,Normandie
Arronnes,03,Allier,Auvergne-Rhone-Alpes
Arronville,95,Val-d'Oise,ile-de-France
Arros-de-Nay,64,Pyrénées-Atlantiques,Nouvelle-Aquitaine
Arrosès,64,Pyrénées-Atlantiques,Nouvelle-Aquitaine
Arrouède,32,Gers,Occitanie
Arrout,09,Ariège,Occitanie
Arry,57,Moselle,Grand Est
Arry,80,Somme,Hauts-de-France
Ars,16,Charente,Nouvelle-Aquitaine
Ars,23,Creuse,Nouvelle-Aquitaine
Ars-en-Ré,17,Charente-Maritime,Nouvelle-Aquitaine
Ars-Laquenexy,57,Moselle,Grand Est
Ars-les-Favets,63,Puy-de-Dôme,Auvergne-Rhone-Alpes
Ars-sur-Formans,01,Ain,Auvergne-Rhone-Alpes
Ars-sur-Moselle,57,Moselle,Grand Est